city,state,population_millions,area_km2,road_density_km_per_km2,avg_traffic_congestion_index,common_road_issues
Mumbai,Maharashtra,12.4,4355,15.2,8.2,"Potholes,Waterlogging,Lane violations"
Delhi,Delhi,16.8,1483,12.8,8.5,"Traffic signals,Potholes,Construction zones"
Bangalore,Karnataka,8.5,741,8.5,7.8,"Traffic congestion,Potholes,Lane closures"
Hyderabad,Telangana,6.9,732,6.2,6.9,"Construction activities,Potholes,Signal timing"
Chennai,Tamil Nadu,4.6,476,18.5,7.1,"Flooding,Potholes,Heavy traffic"
Kolkata,West Bengal,4.5,1886,9.8,7.4,"Waterlogging,Old infrastructure,Narrow roads"
Pune,Maharashtra,3.1,331,12.1,6.8,"Construction zones,Traffic management"
Ahmedabad,Gujarat,5.6,505,7.8,6.2,"Dust storms,Construction,Traffic lights"
Jaipur,Rajasthan,3.1,484,5.4,5.8,"Sand storms,Road maintenance"
Lucknow,Uttar Pradesh,2.8,310,8.9,6.1,"Waterlogging,Poor lighting"
Kanpur,Uttar Pradesh,2.8,403,7.2,5.9,"Industrial traffic,Dust"
Nagpur,Maharashtra,2.4,218,9.1,5.7,"Construction,Heat damage"
Indore,Madhya Pradesh,1.9,530,6.8,5.4,"Monsoon damage,Potholes"
Thane,Maharashtra,1.8,147,16.8,7.9,"Urban density,Narrow roads"
Bhopal,Madhya Pradesh,1.8,286,7.5,5.6,"Government area,Security zones"
Visakhapatnam,Andhra Pradesh,1.7,681,4.2,5.1,"Coastal erosion,Salt damage"
Pimpri-Chinchwad,Maharashtra,1.7,181,14.2,6.9,Rapid urbanization
Patna,Bihar,1.7,135,11.5,6.3,"Flooding,Poor drainage"
Vadodara,Gujarat,1.6,235,8.9,5.8,"Chemical industry,Heavy vehicles"
Ghaziabad,Uttar Pradesh,1.6,121,14.8,7.2,"NCR traffic,Pollution"
Ludhiana,Punjab,1.5,159,9.7,5.9,"Agricultural vehicles,Fog"
Agra,Uttar Pradesh,1.6,188,8.3,6.0,"Tourist traffic,Heritage zones"
Nashik,Maharashtra,1.5,264,7.9,5.7,"Wine region,Hill roads"
Faridabad,Haryana,1.4,198,13.2,6.8,"Millennium city,Planned roads"
Meerut,Uttar Pradesh,1.3,141,10.4,6.1,"Sugar belt,Agricultural traffic"
Rajkot,Gujarat,1.3,170,8.1,5.4,"Port city,Commercial vehicles"
Kalyan-Dombivli,Maharashtra,1.2,137,15.9,7.8,Planned township
Vasai-Virar,Maharashtra,1.2,233,11.3,6.9,"Growing suburb,New construction"
Varanasi,Uttar Pradesh,1.2,112,9.5,5.8,"Religious tourism,Ghats"
Srinagar,Jammu and Kashmir,1.2,294,3.8,4.2,"Mountain terrain,Security"
Aurangabad,Maharashtra,1.2,138,8.7,5.6,"MIDC areas,Industrial traffic"
Dhanbad,Jharkhand,1.2,83,12.1,5.9,"Coal mining,Heavy trucks"
Amritsar,Punjab,1.1,139,10.2,5.7,"Border city,Agricultural traffic"
Navi Mumbai,Maharashtra,1.1,344,13.7,7.1,"Planned city,Modern infrastructure"
Allahabad,Uttar Pradesh,1.1,365,7.4,5.9,"River city,Flooding"
Ranchi,Jharkhand,1.0,652,5.9,5.5,"Plateau city,Mining traffic"
Haora,West Bengal,1.0,141,12.8,7.0,"River crossing,Bridges"
Coimbatore,Tamil Nadu,1.0,257,9.4,6.1,"Textile hub,Commercial traffic"
Jabalpur,Madhya Pradesh,1.0,367,6.3,5.3,"Central India,Government offices"
Gwalior,Madhya Pradesh,1.0,428,7.1,5.4,"Fort city,Heritage zones"
Vijayawada,Andhra Pradesh,1.0,61,15.8,6.4,"Commercial hub,Canals"
Jodhpur,Rajasthan,1.0,446,4.9,4.8,"Desert city,Sand storms"
Madurai,Tamil Nadu,1.0,51,13.2,6.2,"Temple city,Pilgrimage traffic"
Raipur,Chhattisgarh,1.0,226,8.4,5.2,"Capital city,Government traffic"
Kota,Rajasthan,1.0,527,6.7,5.6,"Educational hub,Student traffic"
Guwahati,Assam,1.0,264,7.8,5.9,"Tea gardens,Hills"
Chandigarh,Chandigarh,1.0,114,18.9,4.1,"Planned city,Sectors"
Solapur,Maharashtra,0.9,184,8.6,5.4,Agricultural center
Hubli-Dharwad,Karnataka,0.9,202,7.3,5.1,"Twin cities,IT corridor"
