feature_category,feature_name,frequency_percentage,impact_on_traffic,matlab_model_complexity
Road Defects,Potholes,85,High,Medium
Road Defects,Cracks,78,Medium,Low
Road Defects,Rutting,65,High,Medium
Road Defects,Uneven Surface,72,Medium,Low
Traffic Management,Traffic Signals Malfunction,45,High,High
Traffic Management,Lane Closures,67,High,Medium
Traffic Management,Traffic Diversions,52,High,High
Traffic Management,Temporary Barricades,61,Medium,Low
Construction Activities,Road Reconstruction,38,High,High
Construction Activities,Bridge Construction,29,High,High
Construction Activities,Metro Construction,41,High,High
Construction Activities,Utility Work,55,Medium,Medium
Weather Related,Monsoon Flooding,89,High,High
Weather Related,Waterlogging,82,High,High
Weather Related,Heat Damage,71,Low,Low
Weather Related,Dust Storms,34,Medium,Medium
Infrastructure,Speed Breakers,91,Medium,Low
Infrastructure,Toll Plazas,73,Medium,Medium
Infrastructure,Bus Stops,88,Medium,Low
Infrastructure,Metro Stations,56,Low,Medium
Traffic Violations,Wrong Lane Driving,76,High,High
Traffic Violations,Signal Jumping,58,High,High
Traffic Violations,Parking Violations,84,Medium,Medium
Traffic Violations,Overloaded Vehicles,69,High,Medium
Vehicle Types,Auto Rickshaws,87,Medium,Low
Vehicle Types,Motorcycles,92,Low,Low
Vehicle Types,Heavy Trucks,68,High,Medium
Vehicle Types,Buses,79,Medium,Low
Road Geometry,Narrow Roads,64,High,Medium
Road Geometry,Sharp Curves,47,High,High
Road Geometry,Steep Gradients,31,Medium,High
Road Geometry,Roundabouts,53,Medium,Medium
