script_name,description,input_data,output_format
importIndianOSMData.m,Import and parse Indian OpenStreetMap data with local road features,"OSM file, city coordinates",drivingScenario object
createMonsoonScenario.m,Create driving scenarios with monsoon weather conditions and flooding,"Weather data, road network",Weather-enabled scenario
modelAutoRickshaw.m,Model auto-rickshaw vehicle dynamics and trajectory patterns,"Vehicle parameters, traffic rules",Vehicle actor model
simulateTrafficChaos.m,Simulate chaotic Indian traffic with multiple vehicle types and violations,Multi-modal traffic data,Multi-vehicle simulation
analyzeRoadQuality.m,Analyze road surface quality using computer vision techniques,"Road images, sensor data",Road quality metrics
predictTrafficFlow.m,Predict traffic flow patterns using machine learning algorithms,Historical traffic patterns,Traffic predictions
generateHyderabadScene.m,Generate 3D scene of Hyderabad roads with local landmarks,"Hyderabad OSM, landmarks",RoadRunner 3D scene
modelPotholeImpact.m,Model impact of potholes on vehicle dynamics and traffic flow,"Pothole coordinates, severity",Impact analysis report
createDelhiTraffic.m,Create complex Delhi traffic scenarios with NCR characteristics,"Delhi traffic data, NCR map",Delhi scenario file
simulateMumbaiRains.m,Simulate Mumbai monsoon driving conditions with waterlogging,"Mumbai weather, drain capacity",Monsoon simulation model
analyzeRoadSafety.m,Analyze road safety metrics for Indian highway conditions,"Accident data, road conditions",Safety analysis dashboard
optimizeSignalTiming.m,Optimize traffic signal timing for Indian intersection patterns,"Signal data, traffic volume",Optimized signal parameters
