matlab_toolbox,feature,indian_road_adaptation,complexity_level
Driving Scenario Designer,OpenStreetMap Import,Custom OSM parsing for Indian road tags,Medium
Driving Scenario Designer,Actor Trajectory Planning,Multi-modal vehicle trajectories,High
Driving Scenario Designer,Sensor Configuration,Indian traffic rule sensors,High
RoadRunner,3D Scene Creation,Monsoon weather conditions,High
RoadRunner,HD Map Generation,Indian road sign library,Medium
RoadRunner,Traffic Light Configuration,Indian traffic light patterns,Medium
Automated Driving Toolbox,Vehicle Dynamics,Auto-rickshaw dynamics,High
Automated Driving Toolbox,Path Planning,Chaotic traffic navigation,High
Automated Driving Toolbox,Sensor Fusion,Multi-sensor Indian scenarios,High
Mapping Toolbox,Geographic Coordinate Conversion,Indian coordinate systems,Low
Mapping Toolbox,Geospatial Analysis,City-specific traffic analysis,Medium
Mapping Toolbox,Route Optimization,Indian highway networks,Medium
Statistics and Machine Learning,Traffic Pattern Analysis,Regional traffic patterns,Medium
Statistics and Machine Learning,Predictive Modeling,Monsoon impact modeling,High
Statistics and Machine Learning,Data Clustering,Indian driver behavior clustering,Medium
Computer Vision Toolbox,Pothole Detection,Indian road surface analysis,Medium
Computer Vision Toolbox,Traffic Monitoring,Mixed traffic monitoring,High
Computer Vision Toolbox,Lane Detection,Indian lane marking detection,Medium
Simulink,Real-time Simulation,Real monsoon simulation,High
Simulink,Model Validation,Indian traffic validation,High
Simulink,System Integration,Multi-city system integration,High
